{
  "comparison_status": "Differences Found",
  "subject_comparison": {
    "status": "Difference",
    "expected_subject": "URGENT: Upcoming Email Migration - Action May Be Required\u0000",
    "actual_subject": "CONFIRMATION: Email Migration Complete - New Login Details\u0000",
    "details": "Subject lines are different. Expected subject indicates an upcoming migration and potential action, while the actual subject confirms the completion of the migration and provides login details."
  },
  "body_text_comparison": {
    "status": "Differences Found",
    "details": [
      {
        "type": "Text Mismatch",
        "location": "Paragraph 1, Line 1",
        "expected_snippet": "This is an",
        "actual_snippet": "Good news! The email system migration has been",
        "description": "The opening lines of the email differ significantly in content and tone. The expected email sets up an upcoming migration, while the actual email announces its completion."
      },
      {
        "type": "Text Mismatch",
        "location": "Paragraph 1, Line 2",
        "expected_snippet": "important notice",
        "actual_snippet": "successfully completed",
        "description": "Different wording regarding the migration."
      },
      {
        "type": "Text Mismatch",
        "location": "Paragraph 2",
        "expected_snippet": "The migration is scheduled to begin on\nMay 27, 2025",
        "actual_snippet": "The migration concluded on\nMay 28, 2025",
        "description": "The expected email mentions the migration start date, while the actual email states the end date. The actual email also contains \"approximately 7:45 AM IST, ahead of schedule. Thank you for your patience during this critical upgrade.\""
      },
      {
        "type": "Text Mismatch",
        "location": "Paragraph 3",
        "expected_snippet": "What you need to know:",
        "actual_snippet": "What's next for you:",
        "description": "Different heading indicating a shift from pre-migration information to post-migration instructions."
      },
      {
        "type": "Missing Text",
        "location": "Paragraph 4",
        "expected_snippet": "Most users will not need to take any action.\nHowever, we strongly recommend that you verify your mailbox size in the attached report. If your mailbox exceeds\n50 GB\n, please review the \"Mailbox Sizes\" tab in the attached\npre-migration-status.xlsx\nfile. You may need to archive older items to avoid potential delays or issues during the migration.",
        "actual_snippet": "All your emails, calendars, and contacts have been transferred.\nWe've attached a post-migration status report (\npost-migration-status.xlsx\n) that confirms your migrated mailbox size and updated shared mailbox permissions. Please review the \"Mailbox Sizes\" and \"Permissions Audit\" tabs. Note that some users may\n have had their permissions adjusted for security compliance.",
        "description": "Significant difference in content regarding user actions. The expected email focuses on verifying mailbox size and potential archiving. The actual email focuses on accessing the migrated account and reviewing the post-migration report."
      },
      {
        "type": "Missing Text",
        "location": "Paragraph 5",
        "expected_snippet": "Certain shared mailbox permissions may be reviewed and adjusted to align with our updated security policies. Please check the \"Permissions Audit\" tab for any flagged permissions.",
        "actual_snippet": "Important: Some old or inactive accounts might not have been fully migrated.\nRefer to the\npost-migration-status.xlsx\nfile for details on any unmigrated mailboxes or users with \"Provisioned\" status.",
        "description": "The expected email informs about possible adjustments to mailbox permissions. The actual email mentions partially migrated accounts."
      },
      {
        "type": "Text Mismatch",
        "location": "Paragraph 6",
        "expected_snippet": "We will provide new login instructions\nafter\nthe migration is complete.",
        "actual_snippet": "We have attached the final report (\npost-migration-status.xlsx\n) for your review, reflecting the updated environment.",
        "description": "The expected email promises new login instructions. The actual email mentions the attached report."
      },
      {
        "type": "Text Mismatch",
        "location": "Paragraph 7",
        "expected_snippet": "We have attached a preliminary report (\npre-migration-status.xlsx\n) detailing your current account status, mailbox size, and existing permissions. Please review it carefully.",
        "actual_snippet": "Head of the table:",
        "description": "The expected email refers to a 'preliminary' report. The actual email starts defining the 'Head of the table:'"
      },
      {
        "type": "Text Mismatch",
        "location": "Paragraph after the table",
        "expected_snippet": "For any questions or concerns, please contact the IT Helpdesk by replying to this email. We appreciate your cooperation as we work to enhance our infrastructure.",
        "actual_snippet": "Should you experience any anomalies or require support, please reach out to the dedicated Migration Support Team. We are committed to ensuring a smooth transition.",
        "description": "Different instructions for support. Expected email directs users to the IT Helpdesk; actual email directs users to the Migration Support Team."
      },
      {
        "type": "Text Mismatch",
        "location": "Penultimate paragraph",
        "expected_snippet": "Sincerely,",
        "actual_snippet": "Best regards,",
        "description": "Different closing salutation."
      }
    ]
  },
  "table_comparison": {
    "status": "Differences Found",
    "details": [
      {
        "description": "Found 1 Excel attachments in before email and 1 in after email."
      },
      {
        "type": "Cell Value Mismatch",
        "location": "Sheet: User Accounts, Table 2, row 3, column Migration Status",
        "expected_snippet": "| Failed           |",
        "actual_snippet": "| Completed        |",
        "description": "Migration status of bob.johnson@old.com changed from 'Failed' to 'Completed'."
      },
      {
        "type": "Cell Value Mismatch",
        "location": "Sheet: User Accounts, Table 2, row 4, column Migration Status",
        "expected_snippet": "| Failed           |",
        "actual_snippet": "| Completed        |",
        "description": "Migration status of alice.wong@old.com changed from 'Failed' to 'Completed'."
      },
      {
        "type": "Cell Value Mismatch",
        "location": "Sheet: User Accounts, Table 2, row 5, column New Email Address",
        "expected_snippet": "| charlie.brown@new.com |",
        "actual_snippet": "| charlie.brown@new.org |",
        "description": "New email address for charlie.brown changed from '.com' to '.org'."
      },
      {
        "type": "Cell Value Mismatch",
        "location": "Sheet: User Accounts, Table 2, row 5, column Migration Status",
        "expected_snippet": "| Completed        |",
        "actual_snippet": "| Failed           |",
        "description": "Migration status of charlie.brown@old.com changed from 'Completed' to 'Failed'."
      },
      {
        "type": "Cell Value Mismatch",
        "location": "Sheet: User Accounts, Table 2, row 5, column Notes",
        "expected_snippet": "| nan                  |",
        "actual_snippet": "| Permissions mismatch       |",
        "description": "Notes for charlie.brown@old.com now indicates a permissions mismatch."
      },
      {
        "type": "Cell Value Mismatch",
        "location": "Sheet: User Accounts, Table 2, row 7, column Department",
        "expected_snippet": "| Legal        |",
        "actual_snippet": "| Legal           |",
        "description": "Department name for diana.prince@old.com has extra whitespace."
      },
      {
        "type": "Extra Row",
        "location": "Sheet: User Accounts, Table 2, row 8",
        "expected_snippet": null,
        "actual_snippet": "| U012                            | nan                   | new.hire@new.com      | HR              | Provisioned      | New hire                   |",
        "description": "New user U012 added."
      },
      {
        "type": "Extra Row",
        "location": "Sheet: User Accounts, Table 2, row 9",
        "expected_snippet": null,
        "actual_snippet": "| U001                            | john.doe@old.com      | john.doe@new.com      | Sales           | Completed        | Duplicate entry for review |",
        "description": "Duplicate entry for U001 added."
      },
      {
        "type": "Row Removed",
        "location": "Sheet: User Accounts, Table 2, row 8",
        "expected_snippet": "| U008                            | clark.kent@old.com    | clark.kent@new.com    | Sales        | Failed           | Corrupted data       |",
        "actual_snippet": null,
        "description": "User U008 removed."
      },
      {
        "type": "Row Removed",
        "location": "Sheet: User Accounts, Table 2, row 11",
        "expected_snippet": "| U011                            | extra.user@old.com    | extra.user@new.com    | Marketing    | Completed        | nan                  |",
        "actual_snippet": null,
        "description": "User U011 removed."
      },
      {
        "type": "Cell Value Mismatch",
        "location": "Sheet: User Accounts, Table 2, row 7, column Department",
        "expected_snippet": "| Sales        |",
        "actual_snippet": "| Sales & Support |",
        "description": "Department name for clark.kent@old.com changed."
      },
      {
        "type": "Table Mismatch",
        "location": "Sheet: User Accounts, Table 4",
        "expected_snippet": "| Total Users Targeted                    |           11 |\n| Completed Migrations                    |            7 |\n| Failed Migrations                       |            3 |\n| In Progress                             |            2 |\n| Total Processed (Should Match Targeted) |           11 |",
        "actual_snippet": "| Total Users Targeted                    | 11           |\n| Completed Migrations                    | 9            |\n| Failed Migrations                       | 1            |\n| New Users Provisioned                   | 1            |\n| Duplicate Entries                       | 1            |\n| Total Processed (Should Match Targeted) | 11           |",
        "description": "Table 4 has different categories and counts reflecting changes in the data."
      },
      {
        "type": "Cell Value Mismatch",
        "location": "Sheet: Mailbox Sizes, Table 2, row 1, column Mailbox Size (GB)",
        "expected_snippet": "| 35.8              |",
        "actual_snippet": "| 30.4              |",
        "description": "Mailbox size for U001 changed."
      },
      {
        "type": "Cell Value Mismatch",
        "location": "Sheet: Mailbox Sizes, Table 2, row 1, column Last Activity Date",
        "expected_snippet": "| 2024-12-18         |",
        "actual_snippet": "| 2025-04-21 12:33:00.855000 |",
        "description": "Last activity date for U001 changed and now includes timestamp."
      },
      {
        "type": "Cell Value Mismatch",
        "location": "Sheet: Mailbox Sizes, Table 2, row 1, column Storage Quota (GB)",
        "expected_snippet": "| 100                |",
        "actual_snippet": "| 75                 |",
        "description": "Storage quota for U001 changed."
      },
      {
        "type": "Row Removed",
        "location": "Sheet: Mailbox Sizes, Table 2, row 2-10",
        "expected_snippet": "Multiple Rows",
        "actual_snippet": null,
        "description": "Several rows removed from Mailbox Sizes Table 2"
      },
      {
        "type": "Cell Value Mismatch",
        "location": "Sheet: Mailbox Sizes, Table 2, row 6, column Notes",
        "expected_snippet": "| Large mailbox, consider archiving |",
        "actual_snippet": "| Quota exceeded (post-migration) |",
        "description": "Notes for U006 changed."
      },
      {
        "type": "Cell Value Mismatch",
        "location": "Sheet: Mailbox Sizes, Table 2, row 9, column Last Activity Date",
        "expected_snippet": "| 2024-08-31         |",
        "actual_snippet": "| 12/05/2025                 |",
        "description": "Last activity date for U009 changed and format is inconsistent."
      },
      {
        "type": "Table Mismatch",
        "location": "Sheet: Mailbox Sizes, Table 4",
        "expected_snippet": "| U001                  | Large Mailbox    | Mailbox size 48.2 GB, nearing 50GB quota.            |\n| U005                  | Old Activity     | Last login 180 days ago, potential inactive account. |\n| U007                  | Size Discrepancy | Reported 25.0 GB, but system shows 24.5 GB.          |",
        "actual_snippet": "| U001                  | Large Mailbox  | Mailbox size 49.5 GB, nearing 50GB quota (post-migration).              |\n| U005                  | Old Activity   | Last login 190 days ago, still inactive (error: should be more recent). |\n| U006                  | Quota Exceeded | Mailbox 55.0 GB, quota 50 GB. Critical!                                 |\n| U012                  | New User Check | Mailbox size 0.5 GB, recently provisioned.                              |",
        "description": "Table 4 has different entries and details reflecting changes in the data."
      },
      {
        "type": "Row Removed",
        "location": "Sheet: Permissions Audit, Table 2, row 1-13",
        "expected_snippet": "Multiple Rows",
        "actual_snippet": null,
        "description": "Many rows removed from Shared Mailbox Permissions Audit Table 2"
      },
      {
        "type": "Extra Row",
        "location": "Sheet: Permissions Audit, Table 2, row 1-13",
        "expected_snippet": null,
        "actual_snippet": "Multiple Rows",
        "description": "Many rows added to Shared Mailbox Permissions Audit Table 2"
      },
      {
        "type": "Table Mismatch",
        "location": "Sheet: Permissions Audit, Table 4",
        "expected_snippet": "| Sales_Shared                       | U001         | Full Access      | Review due to recent audit flag.                    |\n| IT_Helpdesk                        | U007         | Full Access      | High privilege, ensure necessity.                   |\n| Finance_Group                      | U005         | Full Access      | User left department, permission should be removed. |",
        "actual_snippet": "| Sales_Shared                       | U001         | Full Access      | Confirmed necessary after migration.        |\n| IT_Helpdesk                        | U007         | Full Access      | Newly added, requires immediate validation. |\n| Finance_Group                      | U005         | Send As          | Permission successfully reduced.            |\n| IT_Helpdesk                        | U010         | Read Only        | Unexpected change from Full Access.         |",
        "description": "Table 4 has different entries and details reflecting changes in the data."
      }
    ]
  },
  "overall_summary": "Comparison of Example with Attachment.msg completed. Status: Differences Found"
}